_id,PX,MAIN_STREET,MIDBLOCK_ROUTE,SIDE1_STREET,SIDE2_STREET,PRIVATE_ACCESS,ADDITIONAL_INFO,OBJECTID,GEO_ID,NODE_ID,MI_PRINX,geometry,LONGITUDE,LATITUDE
1,7002,WILLIAM R ALLEN RD,150m NORTH OF,TRANSIT RD,None,None,None,2970,442309,,2970,"{""type"": ""Point"", ""coordinates"": [-79.45545999962326, 43.74286999921512]}",-79.45545999962326,43.74286999921512
2,7003,ARROW RD,355m NORTH OF,LIDO RD,None,None,None,2971,11267778,,2971,"{""type"": ""Point"", ""coordinates"": [-79.52922000492852, 43.74447000245013]}",-79.52922000492852,43.74447000245013
3,7004,BANBURY RD,None,AMES CRCL,BARRYDALE CRES,None,None,2972,441245,,2972,"{""type"": ""Point"", ""coordinates"": [-79.36529000190293, 43.74974000085273]}",-79.36529000190293,43.74974000085273
4,7005,ARROW RD,50m SOUTH OF,DEERHIDE CRES,None,None,NORTH OF TTC BUS DEPOT,2973,11267778,,2973,"{""type"": ""Point"", ""coordinates"": [-79.53036999591615, 43.74764000084763]}",-79.53036999591615,43.74764000084763
5,7006,AVENUE RD,None,OTTER CRES,None,None,None,2974,8344078,,2974,"{""type"": ""Point"", ""coordinates"": [-79.41458000345766, 43.71835999973983]}",-79.41458000345766,43.71835999973983
6,7007,AVENUE RD,None,WILLOWBANK BLVD,None,None,None,2975,11395093,,2975,"{""type"": ""Point"", ""coordinates"": [-79.40970999703174, 43.7061300031103]}",-79.40970999703174,43.7061300031103
7,7009,BELLAMY RD N,None,PORCHESTER DR,None,None,None,2976,110571,,2976,"{""type"": ""Point"", ""coordinates"": [-79.22932000300331, 43.742369999688464]}",-79.22932000300331,43.742369999688464
8,7010,BELLAMY RD N,None,TRUDELLE ST,CEDAR BRAE BLVD,None,None,2977,110712,,2977,"{""type"": ""Point"", ""coordinates"": [-79.23258999819694, 43.741620001800634]}",-79.23258999819694,43.741620001800634
9,7011,BERGAMOT AVE,320m WEST OF,ISLINGTON AVE,None,None,None,2978,30127832,,2978,"{""type"": ""Point"", ""coordinates"": [-79.55906000299215, 43.71556999567386]}",-79.55906000299215,43.71556999567386
10,7012,BOROUGH DR,None,TOWN CENTRE CRT,None,None,None,2979,107848,,2979,"{""type"": ""Point"", ""coordinates"": [-79.25362999581564, 43.77447000144473]}",-79.25362999581564,43.77447000144473
11,7013,BOROUGH DR,None,TRITON RD,None,None,None,2980,107749,,2980,"{""type"": ""Point"", ""coordinates"": [-79.26115999576653, 43.77372000399411]}",-79.26115999576653,43.77372000399411
12,7014,THE BRIDLE PATH,None,POST RD,None,None,None,2981,4304222,,2981,"{""type"": ""Point"", ""coordinates"": [-79.37255999950361, 43.7381999985297]}",-79.37255999950361,43.7381999985297
13,7015,BRIMLEY RD,250m SOUTH OF,FINCH AVE E,None,None,None,2982,104874,,2982,"{""type"": ""Point"", ""coordinates"": [-79.27571100002304, 43.80382999671177]}",-79.27571100002304,43.80382999671177
14,7017,BRIMORTON DR,None,HISCOCK BLVD,None,None,None,2983,108090,,2983,"{""type"": ""Point"", ""coordinates"": [-79.21975000213622, 43.76989999903698]}",-79.21975000213622,43.76989999903698
15,7018,BRIMORTON DR,None,PAINTED POST DR,None,None,None,2984,107776,,2984,"{""type"": ""Point"", ""coordinates"": [-79.22192000378983, 43.77288000436347]}",-79.22192000378983,43.77288000436347
16,7019,BRIMORTON DR,170m WEST OF,AMBERJACK BLVD,None,None,None,2985,108262,,2985,"{""type"": ""Point"", ""coordinates"": [-79.23727999860223, 43.76956999790924]}",-79.23727999860223,43.76956999790924
17,7020,BROADLANDS BLVD,30m WEST OF,MEWATA GT,None,None,None,2986,441647,,2986,"{""type"": ""Point"", ""coordinates"": [-79.31895999958263, 43.745019998665775]}",-79.31895999958263,43.745019998665775
18,7021,BROADVIEW AVE,30m NORTH OF,GAMBLE AVE,None,None,None,2987,1673,,2987,"{""type"": ""Point"", ""coordinates"": [-79.35485999572208, 43.68963999737869]}",-79.35485999572208,43.68963999737869
19,7022,BROADVIEW AVE,None,O CONNOR DR,None,None,None,2988,1495,,2988,"{""type"": ""Point"", ""coordinates"": [-79.35581000242676, 43.69209000224026]}",-79.35581000242676,43.69209000224026
20,7023,BROADVIEW AVE,None,WOODVILLE AVE,None,None,None,2989,1604,,2989,"{""type"": ""Point"", ""coordinates"": [-79.35551999961564, 43.691220002974404]}",-79.35551999961564,43.691220002974404
21,7024,BROOKBANKS DR,None,VALLEY WOODS RD,None,None,None,2990,440866,,2990,"{""type"": ""Point"", ""coordinates"": [-79.33182999699966, 43.752260001988205]}",-79.33182999699966,43.752260001988205
22,7025,BURNHAMTHORPE RD,None,HOLLOWAY RD,BURNHAMTHORPE PARK BLVD,None,None,2991,10774894,,2991,"{""type"": ""Point"", ""coordinates"": [-79.53401999758592, 43.65043999929775]}",-79.53401999758592,43.65043999929775
23,7026,BURNHAMTHORPE RD,65m NORTH OF,DUNDAS ST W,None,None,None,2992,20029650,,2992,"{""type"": ""Point"", ""coordinates"": [-79.52946999785365, 43.649040002749686]}",-79.52946999785365,43.649040002749686
24,7027,AVENUE RD,15m NORTH OF,BRIAR HILL AVE,None,None,SB AVENUE RD,2993,8322180,,2993,"{""type"": ""Point"", ""coordinates"": [-79.41150999993663, 43.71137999642521]}",-79.41150999993663,43.71137999642521
25,7028,CHISHOLM AVE,None,LUMSDEN AVE,None,None,None,2994,10334906,,2994,"{""type"": ""Point"", ""coordinates"": [-79.3058599940938, 43.69462000141182]}",-79.3058599940938,43.69462000141182
26,7029,GERRARD ST E,None,CLONMORE DR,None,None,None,2995,113137,,2995,"{""type"": ""Point"", ""coordinates"": [-79.27812999736979, 43.68875999875712]}",-79.27812999736979,43.68875999875712
27,7030,COMSTOCK RD,None,MANVILLE RD,None,None,None,2996,111778,,2996,"{""type"": ""Point"", ""coordinates"": [-79.2816900008321, 43.722289998970595]}",-79.2816900008321,43.722289998970595
28,7031,CONFEDERATION DR,None,GREENCREST CRCT,None,None,None,2997,109309,,2997,"{""type"": ""Point"", ""coordinates"": [-79.22298999809281, 43.75802999840346]}",-79.22298999809281,43.75802999840346
29,7033,COSBURN AVE,40m WEST OF,WESTLAKE CRES,None,None,IN TANDEM WITH PX7399,2998,1013,,2998,"{""type"": ""Point"", ""coordinates"": [-79.31060000349697, 43.69731000402804]}",-79.31060000349697,43.69731000402804
30,7034,CUMMER AVE,None,CRAIGMONT DR,None,None,None,2999,9446171,,2999,"{""type"": ""Point"", ""coordinates"": [-79.37908000509528, 43.79729000173897]}",-79.37908000509528,43.79729000173897
31,7035,CULFORD RD,None,MAPLE LEAF DR,None,None,None,3000,9530389,,3000,"{""type"": ""Point"", ""coordinates"": [-79.49012999731426, 43.7123800005387]}",-79.49012999731426,43.7123800005387
32,7036,CULFORD RD,None,QUEENS DR,None,None,None,3001,446095,,3001,"{""type"": ""Point"", ""coordinates"": [-79.48968000303326, 43.71076000321209]}",-79.48968000303326,43.71076000321209
33,7038,DALEMOUNT AVE,None,VIEWMOUNT AVE,None,None,None,3002,446151,,3002,"{""type"": ""Point"", ""coordinates"": [-79.43194999964393, 43.70959000392909]}",-79.43194999964393,43.70959000392909
34,7040,SOUTHWOOD DR,None,GLEN AMES,None,None,None,3003,1140883,,3003,"{""type"": ""Point"", ""coordinates"": [-79.29680999803658, 43.67597999976077]}",-79.29680999803658,43.67597999976077
35,7042,DON MILLS RD,90m NORTH OF,O CONNOR DR,None,None,None,3004,1114,,3004,"{""type"": ""Point"", ""coordinates"": [-79.33997000300396, 43.696370001478364]}",-79.33997000300396,43.696370001478364
36,7043,DON RIDGE DR,None,OLD YONGE ST,None,None,SB OLD YONGE ST,3005,441483,,3005,"{""type"": ""Point"", ""coordinates"": [-79.4028530022935, 43.748352002618866]}",-79.4028530022935,43.748352002618866
37,7045,DUFFERIN ST,None,REGAL RD,None,None,IN TANDEM WITH PX7046,3006,14013482,,3006,"{""type"": ""Point"", ""coordinates"": [-79.44136000099095, 43.673899995552006]}",-79.44136000099095,43.673899995552006
38,7046,DUFFERIN ST,35m NORTH OF,CHANDOS AVE,None,None,IN TANDEM WITH PX7045,3007,10364636,,3007,"{""type"": ""Point"", ""coordinates"": [-79.4403999964218, 43.6716699967055]}",-79.4403999964218,43.6716699967055
39,7048,DUNDAS ST W,None,WIMBLETON RD,OLD OAK DR,None,None,3008,3125849,,3008,"{""type"": ""Point"", ""coordinates"": [-79.52031000227363, 43.6569000019593]}",-79.52031000227363,43.6569000019593
40,7053,ELDER AVE,None,THIRTIETH ST,None,None,None,3009,14302118,,3009,"{""type"": ""Point"", ""coordinates"": [-79.53080000151358, 43.597769995939]}",-79.53080000151358,43.597769995939
41,7054,ELLERSLIE AVE,None,SENLAC RD,None,None,None,3010,439174,,3010,"{""type"": ""Point"", ""coordinates"": [-79.42664999503691, 43.7686299989234]}",-79.42664999503691,43.7686299989234
42,7055,ELLESMERE RD,240m EAST OF,WARDEN AVE,None,None,None,3011,30101335,,3011,"{""type"": ""Point"", ""coordinates"": [-79.2979199996752, 43.76192000048702]}",-79.2979199996752,43.76192000048702
43,7056,ELMHURST DR,None,MEATH RD,None,None,None,3012,907472,,3012,"{""type"": ""Point"", ""coordinates"": [-79.56789000501752, 43.72784999585456]}",-79.56789000501752,43.72784999585456
44,7058,FAIRSIDE AVE,None,BARKER AVE,None,None,None,3013,1558,,3013,"{""type"": ""Point"", ""coordinates"": [-79.32606000216154, 43.69216000372063]}",-79.32606000216154,43.69216000372063
45,7059,FALLINGBROOK RD,None,QUEEN ST E,None,None,None,3014,113266,,3014,"{""type"": ""Point"", ""coordinates"": [-79.27640000484561, 43.675390000553094]}",-79.27640000484561,43.675390000553094
46,7060,GILDER DR,180m NORTH OF,EGLINTON AVE E,None,None,None,3015,9086394,,3015,"{""type"": ""Point"", ""coordinates"": [-79.25401000377379, 43.73706999847847]}",-79.25401000377379,43.73706999847847
47,7061,FINCH AVE E,None,BEARE RD,None,None,None,3016,6943002,,3016,"{""type"": ""Point"", ""coordinates"": [-79.1692700035175, 43.82961000229007]}",-79.1692700035175,43.82961000229007
48,7062,GLADSTONE AVE,None,PEEL AVE,None,None,None,3017,30084062,,3017,"{""type"": ""Point"", ""coordinates"": [-79.42773999443756, 43.64410999744242]}",-79.42773999443756,43.64410999744242
49,7063,OLD FINCH AVE,115m WEST OF,REESOR RD,None,None,None,3018,103024,,3018,"{""type"": ""Point"", ""coordinates"": [-79.19021999847378, 43.82483000082885]}",-79.19021999847378,43.82483000082885
50,7064,FLEMINGTON RD,None,REPLIN RD,None,None,None,3019,445014,,3019,"{""type"": ""Point"", ""coordinates"": [-79.44388000140087, 43.71950000264767]}",-79.44388000140087,43.71950000264767
51,7067,F G GARDINER XY E,230m EAST OF,JARVIS ST,None,None,P549,3020,1146181,,3020,"{""type"": ""Point"", ""coordinates"": [-79.36714999413513, 43.64636000053102]}",-79.36714999413513,43.64636000053102
52,7068,F G GARDINER XY W,142m  WEST OF,JARVIS ST,None,None,P522,3021,1146268,,3021,"{""type"": ""Point"", ""coordinates"": [-79.37163999392028, 43.64549999990963]}",-79.37163999392028,43.64549999990963
53,7070,GARY DR,None,PELMO CRES,None,None,None,3022,10154407,,3022,"{""type"": ""Point"", ""coordinates"": [-79.51329999392264, 43.71229000032024]}",-79.51329999392264,43.71229000032024
54,7071,GARY DR,None,WENDELL AVE,None,None,None,3023,446330,,3023,"{""type"": ""Point"", ""coordinates"": [-79.52412999940591, 43.70990000242897]}",-79.52412999940591,43.70990000242897
55,7073,GLENCAIRN AVE,None,ENGLEMOUNT AVE,None,None,None,3024,446031,,3024,"{""type"": ""Point"", ""coordinates"": [-79.43567000548998, 43.71074999996128]}",-79.43567000548998,43.71074999996128
56,7074,GLENCAIRN AVE,None,LANSDOWNE AVE,None,None,None,3025,446462,,3025,"{""type"": ""Point"", ""coordinates"": [-79.46082999871507, 43.70553999715676]}",-79.46082999871507,43.70553999715676
57,7075,GLENCAIRN AVE,None,SHERMOUNT AVE,None,None,None,3026,446093,,3026,"{""type"": ""Point"", ""coordinates"": [-79.43863000305488, 43.7101099992454]}",-79.43863000305488,43.7101099992454
58,7076,GLEN RUSH BLVD,None,SHELBOURNE AVE,None,None,None,3027,445310,,3027,"{""type"": ""Point"", ""coordinates"": [-79.42534999615384, 43.7167999993316]}",-79.42534999615384,43.7167999993316
59,7077,GREENWOOD AVE,None,MEMORIAL PARK AVE,None,None,None,3028,1687,,3028,"{""type"": ""Point"", ""coordinates"": [-79.3362000008735, 43.69044000220947]}",-79.3362000008735,43.69044000220947
60,7078,GREENWOOD AVE,None,PLAINS RD,None,None,None,3029,7794782,,3029,"{""type"": ""Point"", ""coordinates"": [-79.33848000160884, 43.69387000309413]}",-79.33848000160884,43.69387000309413
61,7079,GRENOBLE DR,None,SPANBRIDGE RD,None,None,None,3030,445533,,3030,"{""type"": ""Point"", ""coordinates"": [-79.32690999776806, 43.71302999820526]}",-79.32690999776806,43.71302999820526
62,7080,JARVIS ST,None,CARLTON ST,None,None,JARVIS ST LANE CONTROL,3031,30055876,,3031,"{""type"": ""Point"", ""coordinates"": [-79.37645899700034, 43.6618589982595]}",-79.37645899700034,43.6618589982595
63,7081,KEELE ST,None,NORTH PARK DR,None,None,None,3032,30006683,,3032,"{""type"": ""Point"", ""coordinates"": [-79.478610002674, 43.711330003064226]}",-79.478610002674,43.711330003064226
64,7082,KEELE ST,120m NORTH OF,GRACEFIELD AVE,None,None,None,3033,9602626,,3033,"{""type"": ""Point"", ""coordinates"": [-79.47907999678307, 43.71332999974016]}",-79.47907999678307,43.71332999974016
65,7083,KEELE ST,None,YORE RD,None,None,None,3034,9038410,,3034,"{""type"": ""Point"", ""coordinates"": [-79.4742200008818, 43.69189000437244]}",-79.4742200008818,43.69189000437244
66,7086,LAKE SHORE BLVD E,507m EAST OF,LESLIE ST,None,None,None,3035,30002752,,3035,"{""type"": ""Point"", ""coordinates"": [-79.32246000190769, 43.660569995718504]}",-79.32246000190769,43.660569995718504
67,7089,LINKWOOD LANE,None,ST DENNIS DR,None,None,None,3036,444822,,3036,"{""type"": ""Point"", ""coordinates"": [-79.32774999758614, 43.71937999654075]}",-79.32774999758614,43.71937999654075
68,7090,LONG BRANCH AVE,None,MARINA AVE,None,None,None,3037,3162435,,3037,"{""type"": ""Point"", ""coordinates"": [-79.53352000203063, 43.59335999756537]}",-79.53352000203063,43.59335999756537
69,7092,MAPLE LEAF DR,None,VENICE DR,LISCOMBE RD,None,None,3038,446176,,3038,"{""type"": ""Point"", ""coordinates"": [-79.49819000078472, 43.710740003873894]}",-79.49819000078472,43.710740003873894
70,7093,GERRARD ST E,60m EAST OF,BEATON AVE,None,None,IN TANDEM WITH PX7125,3039,30095737,,3039,"{""type"": ""Point"", ""coordinates"": [-79.31637999628131, 43.67661999760077]}",-79.31637999628131,43.67661999760077
71,7095,MARKLAND DR,None,MILL RD,None,None,NORTH INTERSECTION,3040,912487,,3040,"{""type"": ""Point"", ""coordinates"": [-79.58025000157248, 43.63638000109153]}",-79.58025000157248,43.63638000109153
72,7096,MCCOWAN RD,None,TRUDELLE ST,None,None,None,3041,110812,,3041,"{""type"": ""Point"", ""coordinates"": [-79.23927999962193, 43.740610003413686]}",-79.23927999962193,43.740610003413686
73,7097,MILITARY TRL,275m NORTH OF,ELLESMERE RD,None,None,None,3042,30038153,,3042,"{""type"": ""Point"", ""coordinates"": [-79.21779999586666, 43.78268000389891]}",-79.21779999586666,43.78268000389891
74,7098,MORNINGSIDE AVE,None,GUILDWOOD PKWY,GREYABBEY TRL,None,None,3043,109613,,3043,"{""type"": ""Point"", ""coordinates"": [-79.1797599942071, 43.7532199960903]}",-79.1797599942071,43.7532199960903
75,7099,MORTIMER AVE,None,KNIGHT ST,None,None,None,3044,1522,,3044,"{""type"": ""Point"", ""coordinates"": [-79.32389999458107, 43.691180002065224]}",-79.32389999458107,43.691180002065224
76,7101,MOUNT PLEASANT RD,None,CARSTOWE RD,None,None,None,3045,7944524,,3045,"{""type"": ""Point"", ""coordinates"": [-79.38376999681994, 43.68465999891757]}",-79.38376999681994,43.68465999891757
77,7102,MOUNT PLEASANT RD,60m NORTH OF,ROXBOROUGH DR,None,None,None,3046,7944521,,3046,"{""type"": ""Point"", ""coordinates"": [-79.38270400585796, 43.681267000819815]}",-79.38270400585796,43.681267000819815
78,7103,MOUNT PLEASANT RD,50m SOUTH OF,ROXBOROUGH DR,None,None,None,3047,1140373,,3047,"{""type"": ""Point"", ""coordinates"": [-79.38213499707057, 43.680354996656085]}",-79.38213499707057,43.680354996656085
79,7104,MOUNT PLEASANT RD,None,WANLESS AVE,None,None,None,3048,10133814,,3048,"{""type"": ""Point"", ""coordinates"": [-79.3972079990322, 43.72753199996624]}",-79.3972079990322,43.72753199996624
80,7105,MOUNT PLEASANT RD,None,WHITEHALL RD,None,None,None,3049,7944521,,3049,"{""type"": ""Point"", ""coordinates"": [-79.38350999595107, 43.68403000283365]}",-79.38350999595107,43.68403000283365
81,7109,OLD YONGE ST,None,YORK RIDGE RD,None,None,None,3050,441504,,3050,"{""type"": ""Point"", ""coordinates"": [-79.4025119985587, 43.74751199872552]}",-79.4025119985587,43.74751199872552
82,7110,ORIOLE PKWY,35m NORTH OF,WALMSLEY BLVD,None,None,None,3051,1139103,,3051,"{""type"": ""Point"", ""coordinates"": [-79.40140000263669, 43.6925100011569]}",-79.40140000263669,43.6925100011569
83,7111,O CONNOR DR,55m EAST OF,BEECHWOOD CRES,None,None,None,3052,1462,,3052,"{""type"": ""Point"", ""coordinates"": [-79.35427000246744, 43.69248000161869]}",-79.35427000246744,43.69248000161869
84,7112,PELLATT AVE,None,WENDELL AVE,None,None,None,3053,446156,,3053,"{""type"": ""Point"", ""coordinates"": [-79.5256000048495, 43.7133300015351]}",-79.5256000048495,43.7133300015351
85,7113,AVENUE RD,40m SOUTH OF,CASTLEFIELD AVE,None,None,None,3054,1138254,,3054,"{""type"": ""Point"", ""coordinates"": [-79.41063000279986, 43.70912000297911]}",-79.41063000279986,43.70912000297911
86,7114,AVENUE RD,20m NORTH OF,KELWAY BLVD,None,None,SOUTHBOUND,3055,1138284,,3055,"{""type"": ""Point"", ""coordinates"": [-79.41018000572632, 43.70792999756117]}",-79.41018000572632,43.70792999756117
87,7117,AVENUE RD,15m NORTH OF,KELWAY BLVD,None,None,NORTHBOUND,3056,1138284,,3056,"{""type"": ""Point"", ""coordinates"": [-79.4101600010798, 43.70788999819934]}",-79.4101600010798,43.70788999819934
88,7119,SANDHURST CRCL,None,BRIMWOOD BLVD,None,None,None,3057,30091375,,3057,"{""type"": ""Point"", ""coordinates"": [-79.27095000049717, 43.811000001566]}",-79.27095000049717,43.811000001566
89,7120,SAMMON AVE,None,WOODMOUNT AVE,None,None,None,3058,1611,,3058,"{""type"": ""Point"", ""coordinates"": [-79.31750000506464, 43.69058000036259]}",-79.31750000506464,43.69058000036259
90,7121,MCINTOSH ST,None,SHARPE ST,CRAIGLEE DR,None,None,3059,30133479,,3059,"{""type"": ""Point"", ""coordinates"": [-79.25259000364605, 43.70675999600236]}",-79.25259000364605,43.70675999600236
91,7122,SCARLETT RD,None,CLAIRTON CRES,None,None,SOUTH INTERSECTION,3060,9158,,3060,"{""type"": ""Point"", ""coordinates"": [-79.50580000098061, 43.67538999892176]}",-79.50580000098061,43.67538999892176
92,7125,GERRARD ST E,None,WEMBLEY DR,None,None,None,3061,10558220,,3061,"{""type"": ""Point"", ""coordinates"": [-79.3179799946246, 43.6759599964954]}",-79.3179799946246,43.6759599964954
93,7126,SLOANE AVE,None,SWEENEY DR,None,None,None,3062,442911,,3062,"{""type"": ""Point"", ""coordinates"": [-79.31236999902917, 43.735749998983465]}",-79.31236999902917,43.735749998983465
94,7127,SLOANE AVE,None,TINDER CRES,TROPHY DR,None,NORTH INTERSECTION,3063,443854,,3063,"{""type"": ""Point"", ""coordinates"": [-79.31066000353238, 43.72789999659782]}",-79.31066000353238,43.72789999659782
95,7128,SLOANE AVE,None,WIGMORE DR,None,None,None,3064,443332,,3064,"{""type"": ""Point"", ""coordinates"": [-79.31032999727682, 43.73241000328978]}",-79.31032999727682,43.73241000328978
96,7129,SOUTHVALE DR,None,ASTOR AVE,MALLORY CRES,None,SOUTHVALE DR/MOORE AVE,3065,1035,,3065,"{""type"": ""Point"", ""coordinates"": [-79.3670269980771, 43.69777799620976]}",-79.3670269980771,43.69777799620976
97,7130,SOUTHVALE DR,None,HANNA RD,None,None,None,3066,3244676,,3066,"{""type"": ""Point"", ""coordinates"": [-79.36355600061638, 43.70050700128368]}",-79.36355600061638,43.70050700128368
98,7131,SOUTHVALE DR,None,ROLPH RD,None,None,None,3067,1006,,3067,"{""type"": ""Point"", ""coordinates"": [-79.36560000451412, 43.698920003467926]}",-79.36560000451412,43.698920003467926
99,7132,SPADINA RD,None,AUSTIN TER,None,None,None,3068,10663924,,3068,"{""type"": ""Point"", ""coordinates"": [-79.40874999724731, 43.67887000050606]}",-79.40874999724731,43.67887000050606
100,7133,SPADINA RD,None,MACPHERSON AVE,None,None,None,3069,1141094,,3069,"{""type"": ""Point"", ""coordinates"": [-79.40748000486712, 43.675890002447886]}",-79.40748000486712,43.675890002447886
101,7139,BELLEHAVEN CRES,None,HILL CRES,None,None,None,3070,14177700,14177702.0,3070,"{""type"": ""Point"", ""coordinates"": [-79.21819800252646, 43.72977500311028]}",-79.21819800252646,43.72977500311028
102,7140,WINSTON PARK BLVD,None,NORTHGATE DR,None,None,None,3071,30138428,,3071,"{""type"": ""Point"", ""coordinates"": [-79.46751000212409, 43.729599997381584]}",-79.46751000212409,43.729599997381584
103,7141,WOODBINE AVE,None,SAMMON AVE,None,None,None,3072,1583,,3072,"{""type"": ""Point"", ""coordinates"": [-79.31510000343089, 43.691110001230385]}",-79.31510000343089,43.691110001230385
104,7142,YONGE ST,None,IVOR RD,None,None,None,3073,20141049,,3073,"{""type"": ""Point"", ""coordinates"": [-79.40512999544177, 43.737040000320064]}",-79.40512999544177,43.737040000320064
105,7145,YORK MILLS RD,None,OLD YONGE ST,None,None,None,3074,441810,,3074,"{""type"": ""Point"", ""coordinates"": [-79.39964000559704, 43.744829997089155]}",-79.39964000559704,43.744829997089155
106,7149,DON VALLEY PARKWAY S,250m NORTH OF,LAKE SHORE BLVD E,None,None,@ LAKE SHORE EXIT,3075,2917728,,3075,"{""type"": ""Point"", ""coordinates"": [-79.34869000528373, 43.65298999899769]}",-79.34869000528373,43.65298999899769
107,7150,BATHURST ST,65m SOUTH OF,HIGHWAY 401 C E,None,None,None,3076,443136,,3076,"{""type"": ""Point"", ""coordinates"": [-79.43344999690683, 43.735140000215445]}",-79.43344999690683,43.735140000215445
108,7154,AVENUE RD,45m SOUTH OF,ELWOOD BLVD,None,None,None,3077,11395093,,3077,"{""type"": ""Point"", ""coordinates"": [-79.40981999741496, 43.706549999300314]}",-79.40981999741496,43.706549999300314
109,7155,BIRCHMOUNT RD,None,HIGHVIEW AVE,None,None,None,3078,112783,,3078,"{""type"": ""Point"", ""coordinates"": [-79.26517700021684, 43.69991300327988]}",-79.26517700021684,43.69991300327988
110,7156,AVENUE RD,None,CASTLEFIELD AVE,None,None,None,3079,1138254,,3079,"{""type"": ""Point"", ""coordinates"": [-79.41070999495984, 43.70935000287807]}",-79.41070999495984,43.70935000287807
111,7157,KEELE ST,135m NORTH OF,GLENLAKE AVE,None,None,None,3080,9086573,,3080,"{""type"": ""Point"", ""coordinates"": [-79.46202000026194, 43.659500001193884]}",-79.46202000026194,43.659500001193884
112,7158,KEELE ST,70m SOUTH OF,GLENLAKE AVE,None,None,None,3081,9086573,,3081,"{""type"": ""Point"", ""coordinates"": [-79.46128000203075, 43.65778000036732]}",-79.46128000203075,43.65778000036732
113,7159,MIDLAND AVE,None,SALOME DR,WEYBRIGHT CRT,None,None,3082,107084,,3082,"{""type"": ""Point"", ""coordinates"": [-79.27681999575971, 43.78232000058865]}",-79.27681999575971,43.78232000058865
114,7160,WASHBURN WAY,None,BERNER TRL,MAMMOTH HALL TRL,None,None,3083,104915,,3083,"{""type"": ""Point"", ""coordinates"": [-79.22620000536469, 43.80092999865255]}",-79.22620000536469,43.80092999865255
115,7164,BROCK AVE,70m SOUTH OF,FLORENCE ST,None,None,CN/CP RAIL OVERPASS (NB & SB),3084,1146459,,3084,"{""type"": ""Point"", ""coordinates"": [-79.43368999896184, 43.644869997773334]}",-79.43368999896184,43.644869997773334
116,7166,CHRISTIE ST,90m NORTH OF,DUPONT ST,None,None,CP RAIL OVERPASS,3085,1141813,,3085,"{""type"": ""Point"", ""coordinates"": [-79.42186999907217, 43.672420003835825]}",-79.42186999907217,43.672420003835825
117,7167,COLBORNE LODGE DR,60m SOUTH OF,THE QUEENSWAY,None,None,CN RAIL OVERPASS,3086,1147176,,3086,"{""type"": ""Point"", ""coordinates"": [-79.45927999687203, 43.6390599962249]}",-79.45927999687203,43.6390599962249
118,7168,DAVENPORT RD,72m NORTH OF,DUPONT ST,None,None,CP RAIL OVERPASS,3087,30074703,13462453.0,3087,"{""type"": ""Point"", ""coordinates"": [-79.40288300086836, 43.6763539969334]}",-79.40288300086836,43.6763539969334
119,7169,DOVERCOURT RD,65m NORTH OF,DUPONT ST,None,None,CP RAIL OVERPASS,3088,1142280,,3088,"{""type"": ""Point"", ""coordinates"": [-79.43292000576086, 43.670219995657405]}",-79.43292000576086,43.670219995657405
120,7171,ELLIS AVE,65m SOUTH OF,THE QUEENSWAY,None,None,CN RAIL OVERPASS,3089,1147177,,3089,"{""type"": ""Point"", ""coordinates"": [-79.46604000488246, 43.63731999607984]}",-79.46604000488246,43.63731999607984
121,7172,HOWLAND AVE,85m NORTH OF,DUPONT ST,None,None,CP RAIL OVERPASS,3090,1141382,,3090,"{""type"": ""Point"", ""coordinates"": [-79.41217000576475, 43.674469999155384]}",-79.41217000576475,43.674469999155384
122,7173,JONES AVE,50m NORTH OF,MYRTLE AVE,None,None,CN RAIL OVERPASS,3091,1141640,,3091,"{""type"": ""Point"", ""coordinates"": [-79.33675999866672, 43.67201999880946]}",-79.33675999866672,43.67201999880946
123,7174,KING ST W,45m EAST OF,ATLANTIC AVE,None,None,CN/CP RAIL OVERPASS,3092,7553457,,3092,"{""type"": ""Point"", ""coordinates"": [-79.42068999560061, 43.64031000246514]}",-79.42068999560061,43.64031000246514
124,7175,LANSDOWNE AVE,97m NORTH OF,DUPONT ST,None,None,CP RAIL OVERPASS,3093,1142725,,3093,"{""type"": ""Point"", ""coordinates"": [-79.44679000592961, 43.667590002112625]}",-79.44679000592961,43.667590002112625
125,7176,OSSINGTON AVE,100m NORTH OF,DUPONT ST,None,None,CP RAIL OVERPASS,3094,1142159,,3094,"{""type"": ""Point"", ""coordinates"": [-79.42940000215421, 43.670990000872166]}",-79.42940000215421,43.670990000872166
126,7178,SHAW ST,100m NORTH OF,DUPONT ST,None,None,CP RAIL OVERPASS,3095,30068209,13463319.0,3095,"{""type"": ""Point"", ""coordinates"": [-79.42697300499033, 43.671440999937076]}",-79.42697300499033,43.671440999937076
127,7181,WINDERMERE AVE,110m NORTH OF,LAKE SHORE BLVD W,None,None,CN RAIL OVERPASS,3096,1147247,,3096,"{""type"": ""Point"", ""coordinates"": [-79.46884999889109, 43.63613000336454]}",-79.46884999889109,43.63613000336454
128,7182,ADELAIDE ST W,None,STRACHAN AVE,None,None,None,3097,1146721,,3097,"{""type"": ""Point"", ""coordinates"": [-79.41240999644572, 43.643349996241575]}",-79.41240999644572,43.643349996241575
129,7184,ANNETTE ST,45m EAST OF,KEELE ST,None,None,None,3098,14014152,,3098,"{""type"": ""Point"", ""coordinates"": [-79.46323999561656, 43.66355999698001]}",-79.46323999561656,43.66355999698001
130,7185,ASCOT AVE,None,BOON AVE,None,None,None,3099,10923771,,3099,"{""type"": ""Point"", ""coordinates"": [-79.4471099988575, 43.67946999971782]}",-79.4471099988575,43.67946999971782
131,7187,NORTH BEATRICE ST,None,BEATRICE ST,None,None,60m EAST OF MONTROSE AVE,3100,14020214,,3100,"{""type"": ""Point"", ""coordinates"": [-79.41826999691568, 43.658119996422855]}",-79.41826999691568,43.658119996422855
132,7188,BEDFORD RD,None,BERNARD AVE,None,None,None,3101,1141670,,3101,"{""type"": ""Point"", ""coordinates"": [-79.39941999714196, 43.67338999950457]}",-79.39941999714196,43.67338999950457
133,7189,BEDFORD RD,None,LOWTHER AVE,None,None,None,3102,30104383,,3102,"{""type"": ""Point"", ""coordinates"": [-79.39830999423455, 43.67034999854352]}",-79.39830999423455,43.67034999854352
134,7190,BEDFORD RD,None,PRINCE ARTHUR AVE,None,None,None,3103,12562232,,3103,"{""type"": ""Point"", ""coordinates"": [-79.39788000175925, 43.669260004234125]}",-79.39788000175925,43.669260004234125
135,7192,BOND ST,40m SOUTH OF,DUNDAS ST E,None,None,None,3104,1144656,,3104,"{""type"": ""Point"", ""coordinates"": [-79.37816000464517, 43.65596000000249]}",-79.37816000464517,43.65596000000249
136,7193,BOND ST,35m NORTH OF,SHUTER ST,None,None,None,3105,1144656,,3105,"{""type"": ""Point"", ""coordinates"": [-79.37771999960992, 43.6548899985001]}",-79.37771999960992,43.6548899985001
137,7195,BROADVIEW AVE,35m SOUTH OF,WITHROW AVE,None,None,None,3106,1142238,,3106,"{""type"": ""Point"", ""coordinates"": [-79.35299299827508, 43.66943300156288]}",-79.35299299827508,43.66943300156288
138,7196,BROADVIEW AVE,None,VICTOR AVE,None,None,None,3107,30003558,,3107,"{""type"": ""Point"", ""coordinates"": [-79.35322999531871, 43.66696000118076]}",-79.35322999531871,43.66696000118076
139,7197,BROADVIEW AVE,None,LANGLEY AVE,None,None,None,3108,30003559,,3108,"{""type"": ""Point"", ""coordinates"": [-79.35339999766971, 43.667739995808745]}",-79.35339999766971,43.667739995808745
140,7198,BROADVIEW AVE,None,WITHROW AVE,None,None,None,3109,1142063,,3109,"{""type"": ""Point"", ""coordinates"": [-79.35321000146762, 43.66971999977643]}",-79.35321000146762,43.66971999977643
141,7199,BROOKSIDE AVE,None,BURGESS AVE,None,None,None,3110,1140538,,3110,"{""type"": ""Point"", ""coordinates"": [-79.30544999822257, 43.67904999667075]}",-79.30544999822257,43.67904999667075
142,7200,CALEDONIA RD,75m NORTH OF,INNES AVE,None,None,None,3111,14015356,,3111,"{""type"": ""Point"", ""coordinates"": [-79.45746000269816, 43.68170000273879]}",-79.45746000269816,43.68170000273879
143,7201,CALEDONIA RD,95m SOUTH OF,INNES AVE,None,None,None,3112,14015397,,3112,"{""type"": ""Point"", ""coordinates"": [-79.45681000239047, 43.68025999901084]}",-79.45681000239047,43.68025999901084
144,7202,CAMBRIDGE AVE,None,CHESTER HILL RD,None,None,None,3113,14035939,,3113,"{""type"": ""Point"", ""coordinates"": [-79.35891999702532, 43.68116000052612]}",-79.35891999702532,43.68116000052612
145,7203,HUMBERCREST BLVD,None,ST MARKS RD,None,None,(N/S) ST MARKS RD,3114,9499,,3114,"{""type"": ""Point"", ""coordinates"": [-79.4926099988383, 43.65965000315595]}",-79.4926099988383,43.65965000315595
146,7204,CHATSWORTH DR,None,DUPLEX AVE,None,None,None,3115,30111184,,3115,"{""type"": ""Point"", ""coordinates"": [-79.40462000254117, 43.721979995593465]}",-79.40462000254117,43.721979995593465
147,7206,CHESTNUT ST,None,ARMOURY ST,None,None,None,3116,1144851,,3116,"{""type"": ""Point"", ""coordinates"": [-79.3853999939838, 43.653870001017054]}",-79.3853999939838,43.653870001017054
148,7207,EDWARD ST,None,CHESTNUT ST,None,None,None,3117,1144568,,3117,"{""type"": ""Point"", ""coordinates"": [-79.38630999650195, 43.65594999724427]}",-79.38630999650195,43.65594999724427
149,7208,CHURCH ST,None,ASQUITH AVE,None,None,None,3118,1141900,,3118,"{""type"": ""Point"", ""coordinates"": [-79.38360999985329, 43.67206000074707]}",-79.38360999985329,43.67206000074707
150,7209,CHURCH ST,None,LOMBARD ST,None,None,None,3119,8708516,,3119,"{""type"": ""Point"", ""coordinates"": [-79.37519999929744, 43.65185000173503]}",-79.37519999929744,43.65185000173503
151,7211,CLARENCE SQ,None,WELLINGTON ST W,None,None,None,3120,30064108,13467644.0,3120,"{""type"": ""Point"", ""coordinates"": [-79.39313900297434, 43.644442998339855]}",-79.39313900297434,43.644442998339855
152,7212,INGLEWOOD DR,95m SOUTH OF,GLENROSE AVE,None,None,None,3121,1139359,,3121,"{""type"": ""Point"", ""coordinates"": [-79.38506000313828, 43.688210004195355]}",-79.38506000313828,43.688210004195355
153,7217,CORLEY AVE,None,GLENMOUNT PARK RD,None,None,None,3122,1140537,,3122,"{""type"": ""Point"", ""coordinates"": [-79.30405999969919, 43.67776000247742]}",-79.30405999969919,43.67776000247742
154,7218,COTTINGHAM RD,None,BOULTON DR,None,None,None,3123,1140828,,3123,"{""type"": ""Point"", ""coordinates"": [-79.40379999469852, 43.67803999913511]}",-79.40379999469852,43.67803999913511
155,7220,DAVENPORT RD,None,HURON ST,None,None,None,3124,1140984,,3124,"{""type"": ""Point"", ""coordinates"": [-79.40582999748341, 43.67799000393056]}",-79.40582999748341,43.67799000393056
156,7221,MACPHERSON AVE,None,POPLAR PLAINS RD,DAVENPORT RD,None,None,3125,1140924,,3125,"{""type"": ""Point"", ""coordinates"": [-79.40299999509462, 43.67684999694988]}",-79.40299999509462,43.67684999694988
157,7222,DAVENPORT RD,None,WESTMORELAND AVE N,None,None,None,3126,14003943,,3126,"{""type"": ""Point"", ""coordinates"": [-79.43597000423931, 43.67414999567958]}",-79.43597000423931,43.67414999567958
158,7223,DAVENPORT RD,50m WEST OF,SALEM AVE,None,None,None,3127,14003943,,3127,"{""type"": ""Point"", ""coordinates"": [-79.43775999731939, 43.673879999456325]}",-79.43775999731939,43.673879999456325
159,7224,DAVENPORT RD,100m EAST OF,SHAW ST,None,None,None,3128,8007458,,3128,"{""type"": ""Point"", ""coordinates"": [-79.42702999775001, 43.674819998716224]}",-79.42702999775001,43.674819998716224
160,7225,DAVENPORT RD,None,BRACONDALE HILL RD,None,None,None,3129,8007913,,3129,"{""type"": ""Point"", ""coordinates"": [-79.42884000416713, 43.67475000234438]}",-79.42884000416713,43.67475000234438
161,7226,DAVISVILLE AVE,None,CLEVELAND ST,None,None,None,3130,14025253,,3130,"{""type"": ""Point"", ""coordinates"": [-79.37803000282145, 43.70221000382113]}",-79.37803000282145,43.70221000382113
162,7227,DAVISVILLE AVE,None,FORMAN AVE,None,None,None,3131,1138722,,3131,"{""type"": ""Point"", ""coordinates"": [-79.3806300053314, 43.701649997613075]}",-79.3806300053314,43.701649997613075
163,7228,DAVISVILLE AVE,None,BELLE AYRE BLVD,None,None,None,3132,30075864,,3132,"{""type"": ""Point"", ""coordinates"": [-79.38325000594705, 43.7011299993285]}",-79.38325000594705,43.7011299993285
164,7229,DURIE ST,None,DEFOREST RD,None,None,None,3133,2676219,,3133,"{""type"": ""Point"", ""coordinates"": [-79.47726999709369, 43.64846999999465]}",-79.47726999709369,43.64846999999465
165,7230,DELISLE AVE,None,DEER PARK CRES,None,None,None,3134,1139433,,3134,"{""type"": ""Point"", ""coordinates"": [-79.39884999812799, 43.68827999876463]}",-79.39884999812799,43.68827999876463
166,7231,DENISON AVE,None,GRANGE AVE,None,None,None,3135,14019323,,3135,"{""type"": ""Point"", ""coordinates"": [-79.40184999817058, 43.651009995889446]}",-79.40184999817058,43.651009995889446
167,7232,DUFFERIN ST,20m SOUTH OF,ALMA AVE,None,None,None,3136,14018694,,3136,"{""type"": ""Point"", ""coordinates"": [-79.42945999604494, 43.64443999980945]}",-79.42945999604494,43.64443999980945
168,7233,DUPLEX AVE,30m SOUTH OF,EGLINTON AVE W,None,None,POLICE DIVISION 53,3137,1138382,,3137,"{""type"": ""Point"", ""coordinates"": [-79.40015999429103, 43.706039996035884]}",-79.40015999429103,43.706039996035884
169,7234,DUPLEX AVE,None,GLENCAIRN AVE,None,None,None,3138,11395007,,3138,"{""type"": ""Point"", ""coordinates"": [-79.40350999659455, 43.71782000001862]}",-79.40350999659455,43.71782000001862
170,7236,DUPLEX AVE,None,ROSELAWN AVE,None,None,None,3139,8237829,,3139,"{""type"": ""Point"", ""coordinates"": [-79.40110999462975, 43.71054999862937]}",-79.40110999462975,43.71054999862937
171,7237,DUPONT ST,200m EAST OF,EMERSON AVE,None,None,None,3140,14600817,,3140,"{""type"": ""Point"", ""coordinates"": [-79.4420399951483, 43.66810000329164]}",-79.4420399951483,43.66810000329164
172,7239,EASTERN AVE,40m WEST OF,MARIGOLD AVE,None,None,None,3141,14024399,,3141,"{""type"": ""Point"", ""coordinates"": [-79.33057000430223, 43.66056999883784]}",-79.33057000430223,43.66056999883784
173,7240,EASTERN AVE,None,RUSHBROOKE AVE,None,None,None,3142,8824608,,3142,"{""type"": ""Point"", ""coordinates"": [-79.33157999465567, 43.66002999750156]}",-79.33157999465567,43.66002999750156
174,7241,EASTWOOD RD,50m SOUTH OF,BELLHAVEN RD,None,None,None,3143,14048838,,3143,"{""type"": ""Point"", ""coordinates"": [-79.31242000215244, 43.67467000315574]}",-79.31242000215244,43.67467000315574
175,7242,EASTWOOD RD,None,NORMANDY BLVD,None,None,None,3144,10560932,,3144,"{""type"": ""Point"", ""coordinates"": [-79.31156000274451, 43.67537999901881]}",-79.31156000274451,43.67537999901881
176,7243,EDWARD ST,None,ELIZABETH ST,None,None,None,3145,7792327,,3145,"{""type"": ""Point"", ""coordinates"": [-79.38547999508587, 43.65614600131571]}",-79.38547999508587,43.65614600131571
177,7244,ELLIS PARK RD,65m EAST OF,ELLIS AVE,None,None,None,3146,9445985,,3146,"{""type"": ""Point"", ""coordinates"": [-79.47180000599657, 43.64614000206384]}",-79.47180000599657,43.64614000206384
178,7245,ELM RD,None,FAIRLAWN AVE,None,None,None,3147,1137750,,3147,"{""type"": ""Point"", ""coordinates"": [-79.4143599994454, 43.72865999604362]}",-79.4143599994454,43.72865999604362
179,7246,ELM ST,None,MURRAY ST,None,None,None,3148,1144427,,3148,"{""type"": ""Point"", ""coordinates"": [-79.39046000340262, 43.65616000017801]}",-79.39046000340262,43.65616000017801
180,7247,ELM RIDGE CRCL,None,OLD PARK RD,None,None,None,3149,1138510,,3149,"{""type"": ""Point"", ""coordinates"": [-79.43274000571098, 43.703749996159274]}",-79.43274000571098,43.703749996159274
181,7248,FOREST HILL RD,None,HEATH ST W,None,None,None,3150,7245845,,3150,"{""type"": ""Point"", ""coordinates"": [-79.40404000205933, 43.68838999573937]}",-79.40404000205933,43.68838999573937
182,7249,FOREST HILL RD,None,LONSDALE RD,None,None,None,3151,1139355,,3151,"{""type"": ""Point"", ""coordinates"": [-79.40485000583524, 43.69039999683208]}",-79.40485000583524,43.69039999683208
183,7250,FOXBAR RD,65m SOUTH OF,ST CLAIR AVE W,None,None,None,3152,30017341,,3152,"{""type"": ""Point"", ""coordinates"": [-79.40047300402252, 43.68613699812583]}",-79.40047300402252,43.68613699812583
184,7251,GERRARD ST E,None,BEACHVIEW CRES,None,None,None,3153,1139983,,3153,"{""type"": ""Point"", ""coordinates"": [-79.30798999389008, 43.68211100164124]}",-79.30798999389008,43.68211100164124
185,7253,GLENCAIRN AVE,None,MONA DR,None,None,None,3154,1138086,,3154,"{""type"": ""Point"", ""coordinates"": [-79.41725000115139, 43.71502999591941]}",-79.41725000115139,43.71502999591941
186,7254,GLENCAIRN AVE,None,ROSEWELL AVE,None,None,None,3155,8322640,,3155,"{""type"": ""Point"", ""coordinates"": [-79.40905999591968, 43.716679995740456]}",-79.40905999591968,43.716679995740456
187,7255,GLENDALE AVE,None,PARKDALE RD,None,None,None,3156,8005255,,3156,"{""type"": ""Point"", ""coordinates"": [-79.45128399831239, 43.64140999942369]}",-79.45128399831239,43.64140999942369
188,7256,GLENDONWYNNE RD,None,NORMA CRES,None,None,None,3157,1144925,,3157,"{""type"": ""Point"", ""coordinates"": [-79.47507999553794, 43.65418999771627]}",-79.47507999553794,43.65418999771627
189,7257,GLENLAKE AVE,None,INDIAN RD,None,None,None,3158,9171018,,3158,"{""type"": ""Point"", ""coordinates"": [-79.45735999487141, 43.659159997321105]}",-79.45735999487141,43.659159997321105
190,7258,GLENLAKE AVE,None,MOUNTVIEW AVE,None,None,None,3159,8004908,,3159,"{""type"": ""Point"", ""coordinates"": [-79.46246999884919, 43.658170002641974]}",-79.46246999884919,43.658170002641974
191,7259,GREENWOOD AVE,None,WALPOLE AVE,None,None,None,3160,20057659,,3160,"{""type"": ""Point"", ""coordinates"": [-79.32931999804028, 43.67410999606291]}",-79.32931999804028,43.67410999606291
192,7260,HALLAM ST,None,BARTLETT AVE,None,None,None,3161,8015801,,3161,"{""type"": ""Point"", ""coordinates"": [-79.43538000130111, 43.66640999645452]}",-79.43538000130111,43.66640999645452
193,7261,HALLAM ST,None,DELAWARE AVE,None,None,None,3162,14011360,,3162,"{""type"": ""Point"", ""coordinates"": [-79.4304999952768, 43.66746000179543]}",-79.4304999952768,43.66746000179543
194,7262,HIGH PARK AVE,None,GLENLAKE AVE,None,None,None,3163,7994458,,3163,"{""type"": ""Point"", ""coordinates"": [-79.46682999875179, 43.65723999926282]}",-79.46682999875179,43.65723999926282
195,7263,HIGH PARK AVE,None,HUMBERSIDE AVE,None,None,None,3164,1144424,,3164,"{""type"": ""Point"", ""coordinates"": [-79.46821999483443, 43.660509998714716]}",-79.46821999483443,43.660509998714716
196,7265,HILTON AVE,None,NINA ST,None,None,None,3165,1140371,,3165,"{""type"": ""Point"", ""coordinates"": [-79.41583000013532, 43.68005999700088]}",-79.41583000013532,43.68005999700088
197,7266,HOWARD PARK AVE,None,INDIAN RD,None,None,None,3166,7979925,,3166,"{""type"": ""Point"", ""coordinates"": [-79.45500000451062, 43.65070999875681]}",-79.45500000451062,43.65070999875681
198,7268,JACKMAN AVE,None,BUTTERNUT ST,None,None,JACKMAN AVE JR PS,3167,14035961,,3167,"{""type"": ""Point"", ""coordinates"": [-79.35440000342501, 43.6807899955515]}",-79.35440000342501,43.6807899955515
199,7269,JEDBURGH RD,None,WOBURN AVE,None,None,None,3168,14036733,,3168,"{""type"": ""Point"", ""coordinates"": [-79.40622000056005, 43.727679997484714]}",-79.40622000056005,43.727679997484714
200,7270,JONES AVE,35m SOUTH OF,BOULTBEE AVE,None,None,IN TANDEM WITH PX7271,3169,1141641,,3169,"{""type"": ""Point"", ""coordinates"": [-79.33694999822738, 43.67244000176192]}",-79.33694999822738,43.67244000176192
201,7271,JONES AVE,40m SOUTH OF,MYRTLE AVE,None,None,IN TANDEM WITH PX7270,3170,14025067,,3170,"{""type"": ""Point"", ""coordinates"": [-79.33644000328391, 43.67122999909358]}",-79.33644000328391,43.67122999909358
202,7272,KING ST E,None,FREDERICK ST,None,None,None,3171,8351611,,3171,"{""type"": ""Point"", ""coordinates"": [-79.36946999817926, 43.65100999576074]}",-79.36946999817926,43.65100999576074
203,7273,LANSDOWNE AVE,150m NORTH OF,RIDEAU AVE,None,None,None,3172,14017767,,3172,"{""type"": ""Point"", ""coordinates"": [-79.43916600229159, 43.648021001176076]}",-79.43916600229159,43.648021001176076
204,7274,LANSDOWNE AVE,135m NORTH OF,DAVENPORT RD,None,None,None,3173,14013345,,3173,"{""type"": ""Point"", ""coordinates"": [-79.4489719954693, 43.672586996137085]}",-79.4489719954693,43.672586996137085
205,7275,LEE AVE,None,NORWAY AVE,None,None,None,3174,10411355,,3174,"{""type"": ""Point"", ""coordinates"": [-79.29976000619652, 43.674790001254365]}",-79.29976000619652,43.674790001254365
206,7276,LEE AVE,None,WILLIAMSON RD,None,None,None,3175,10986157,,3175,"{""type"": ""Point"", ""coordinates"": [-79.29925000400891, 43.673540002416274]}",-79.29925000400891,43.673540002416274
207,7277,MAIN ST,90m SOUTH OF,SWANWICK AVE,None,None,None,3176,1140025,,3176,"{""type"": ""Point"", ""coordinates"": [-79.29914000206219, 43.681460003932266]}",-79.29914000206219,43.681460003932266
208,7278,MC CAUL ST,None,ELM ST,None,None,None,3177,14023083,,3177,"{""type"": ""Point"", ""coordinates"": [-79.39205000247419, 43.655820001430854]}",-79.39205000247419,43.655820001430854
209,7279,MELITA AVE,None,MELITA CRES,None,None,None,3178,1141684,,3178,"{""type"": ""Point"", ""coordinates"": [-79.42683000124025, 43.67348999735623]}",-79.42683000124025,43.67348999735623
210,7280,MORNINGSIDE AVE,None,RAMBERT CRES,None,None,None,3179,1146546,,3179,"{""type"": ""Point"", ""coordinates"": [-79.47967999788355, 43.64464000292745]}",-79.47967999788355,43.64464000292745
211,7281,MOUNT PLEASANT RD,None,TEDDINGTON PARK AVE,None,None,None,3180,1137642,,3180,"{""type"": ""Point"", ""coordinates"": [-79.39966000258714, 43.733890003858065]}",-79.39966000258714,43.733890003858065
212,7282,MOUNT PLEASANT RD,None,ROSLIN AVE,None,None,None,3181,1137698,,3181,"{""type"": ""Point"", ""coordinates"": [-79.39832000040452, 43.73036000391003]}",-79.39832000040452,43.73036000391003
213,7283,MOUNT PLEASANT RD,None,SNOWDON AVE,None,None,None,3182,1137657,,3182,"{""type"": ""Point"", ""coordinates"": [-79.3989799961836, 43.732010002043914]}",-79.3989799961836,43.732010002043914
214,7285,OSLER ST,None,LINDNER ST,None,None,None,3183,8321686,,3183,"{""type"": ""Point"", ""coordinates"": [-79.4587499944144, 43.668619997389996]}",-79.4587499944144,43.668619997389996
215,7287,PALMERSTON AVE,None,BARTON AVE,None,None,None,3184,20038421,,3184,"{""type"": ""Point"", ""coordinates"": [-79.41473999432608, 43.667619998875]}",-79.41473999432608,43.667619998875
216,7288,PAPE AVE,None,RIVERDALE AVE,None,None,None,3185,8408011,,3185,"{""type"": ""Point"", ""coordinates"": [-79.3416799978609, 43.671259996849905]}",-79.3416799978609,43.671259996849905
217,7289,PERTH AVE,None,BLOOR ST W,None,None,None,3186,1144399,,3186,"{""type"": ""Point"", ""coordinates"": [-79.44885000004957, 43.65707000258891]}",-79.44885000004957,43.65707000258891
218,7290,POPLAR PLAINS RD,None,CLARENDON AVE,None,None,None,3187,2385854,,3187,"{""type"": ""Point"", ""coordinates"": [-79.40251000397292, 43.6829400042038]}",-79.40251000397292,43.6829400042038
219,7291,POPLAR PLAINS RD,None,COTTINGHAM RD,None,None,None,3188,30136841,,3188,"{""type"": ""Point"", ""coordinates"": [-79.40319000051804, 43.67807999908424]}",-79.40319000051804,43.67807999908424
220,7292,QUEENS QUAY E,None,PARLIAMENT ST,SMALL ST,None,None,3189,8393266,,3189,"{""type"": ""Point"", ""coordinates"": [-79.3618099948669, 43.646509996763804]}",-79.3618099948669,43.646509996763804
221,7293,REDPATH AVE,None,BROADWAY AVE,None,None,None,3190,1138229,,3190,"{""type"": ""Point"", ""coordinates"": [-79.39386999500194, 43.710599997664126]}",-79.39386999500194,43.710599997664126
222,7294,REGAL RD,None,WESTMOUNT AVE,None,None,None,3191,9270480,,3191,"{""type"": ""Point"", ""coordinates"": [-79.44032000098704, 43.674269996803076]}",-79.44032000098704,43.674269996803076
223,7295,RICHMOND ST W,None,TECUMSETH ST,PALMERSTON AVE,None,None,3192,14671591,,3192,"{""type"": ""Point"", ""coordinates"": [-79.40631999752391, 43.64595000222669]}",-79.40631999752391,43.64595000222669
224,7296,INDIAN GRV,None,RIDOUT ST,None,None,None,3193,14017298,13466452.0,3193,"{""type"": ""Point"", ""coordinates"": [-79.4577030049635, 43.65271700170532]}",-79.4577030049635,43.65271700170532
225,7297,RIVERSIDE DR,None,RIVERSIDE TRL,None,None,None,3194,9392857,,3194,"{""type"": ""Point"", ""coordinates"": [-79.48542999476739, 43.643939997646605]}",-79.48542999476739,43.643939997646605
226,7298,ROSELAWN AVE,None,CALDOW RD,None,None,None,3195,2689969,,3195,"{""type"": ""Point"", ""coordinates"": [-79.42039999590351, 43.706489996019336]}",-79.42039999590351,43.706489996019336
227,7299,ROSELAWN AVE,None,ORIOLE PKWY,None,None,None,3196,8570888,,3196,"{""type"": ""Point"", ""coordinates"": [-79.40768999743848, 43.7091599994804]}",-79.40768999743848,43.7091599994804
228,7300,ROXBOROUGH DR,140m SOUTH OF,HIGHLAND AVE,None,None,None,3197,1140049,,3197,"{""type"": ""Point"", ""coordinates"": [-79.3780100020437, 43.681120002118256]}",-79.3780100020437,43.681120002118256
229,7301,ROXBOROUGH DR,300m EAST OF,MOUNT PLEASANT RD,None,None,None,3198,14021624,,3198,"{""type"": ""Point"", ""coordinates"": [-79.37843000471523, 43.68085999660613]}",-79.37843000471523,43.68085999660613
230,7302,RUNNYMEDE RD,None,DEFOREST RD,None,None,None,3199,1145876,,3199,"{""type"": ""Point"", ""coordinates"": [-79.47537999785203, 43.6487900031242]}",-79.47537999785203,43.6487900031242
231,7303,RUNNYMEDE RD,None,MORNINGSIDE AVE,None,None,None,3200,7586942,,3200,"{""type"": ""Point"", ""coordinates"": [-79.47416000233916, 43.64588999779265]}",-79.47416000233916,43.64588999779265
232,7304,RUSSELL HILL RD,50m SOUTH OF,CLARENDON AVE,None,None,None,3201,30136426,,3201,"{""type"": ""Point"", ""coordinates"": [-79.40647000240185, 43.68199000218655]}",-79.40647000240185,43.68199000218655
233,7305,RUSSELL HILL RD,110m SOUTH OF,CLARENDON AVE,None,None,None,3202,30136426,,3202,"{""type"": ""Point"", ""coordinates"": [-79.40607000096824, 43.681650000726734]}",-79.40607000096824,43.681650000726734
234,7307,SHAW ST,None,ESSEX ST,None,None,None,3203,30121259,,3203,"{""type"": ""Point"", ""coordinates"": [-79.42526000105471, 43.667419997432035]}",-79.42526000105471,43.667419997432035
235,7308,SPRINGHURST AVE,None,DUNN AVE,None,None,None,3204,8190360,,3204,"{""type"": ""Point"", ""coordinates"": [-79.43172000124838, 43.633689999066135]}",-79.43172000124838,43.633689999066135
236,7309,SPRINGHURST AVE,75m WEST OF,JAMESON AVE,None,None,None,3205,14036206,,3205,"{""type"": ""Point"", ""coordinates"": [-79.43577000359076, 43.634219998612735]}",-79.43577000359076,43.634219998612735
237,7311,ST CLAIR AVE E,None,WELLAND AVE,None,None,None,3206,1139192,,3206,"{""type"": ""Point"", ""coordinates"": [-79.37959000571011, 43.6911899957181]}",-79.37959000571011,43.6911899957181
238,7312,ST GEORGE ST,None,BERNARD AVE,None,None,None,3207,1142167,,3207,"{""type"": ""Point"", ""coordinates"": [-79.40210999841814, 43.673000002990456]}",-79.40210999841814,43.673000002990456
239,7313,ST GEORGE ST,None,LOWTHER AVE,None,None,None,3208,1142373,,3208,"{""type"": ""Point"", ""coordinates"": [-79.40074999863494, 43.6698300029701]}",-79.40074999863494,43.6698300029701
240,7315,STRATHGOWAN AVE,None,ST HILDA'S AVE,None,None,None,3209,1137973,,3209,"{""type"": ""Point"", ""coordinates"": [-79.39937999635582, 43.71908999934386]}",-79.39937999635582,43.71908999934386
241,7317,SYMINGTON AVE,None,ANTLER ST,None,None,None,3210,1143729,,3210,"{""type"": ""Point"", ""coordinates"": [-79.4504999960521, 43.663959998480415]}",-79.4504999960521,43.663959998480415
242,7318,SYMINGTON AVE,None,KINGSLEY AVE,None,None,None,3211,9171632,,3211,"{""type"": ""Point"", ""coordinates"": [-79.45234000515366, 43.66851000169109]}",-79.45234000515366,43.66851000169109
243,7319,SYMINGTON AVE,None,WALLACE AVE,None,None,None,3212,1143965,,3212,"{""type"": ""Point"", ""coordinates"": [-79.44937000181494, 43.66131000364028]}",-79.44937000181494,43.66131000364028
244,7320,THE ESPLANADE,None,BERKELEY ST,HAHN PL,None,None,3213,14036508,,3213,"{""type"": ""Point"", ""coordinates"": [-79.36348999483877, 43.65011000422106]}",-79.36348999483877,43.65011000422106
245,7321,THE ESPLANADE,40m WEST OF,BERKELEY ST,None,None,MARKET LANE JR & SR PS,3214,30126336,,3214,"{""type"": ""Point"", ""coordinates"": [-79.36386999931277, 43.64984000248913]}",-79.36386999931277,43.64984000248913
246,7322,THE ESPLANADE,35m EAST OF,PRINCESS ST,None,None,None,3215,1145570,,3215,"{""type"": ""Point"", ""coordinates"": [-79.3656699956054, 43.649430004478674]}",-79.3656699956054,43.649430004478674
247,7323,VICTORIA PARK AVE,None,BRACKEN AVE,None,None,None,3216,113259,,3216,"{""type"": ""Point"", ""coordinates"": [-79.28318999666394, 43.67872000257143]}",-79.28318999666394,43.67872000257143
248,7324,WALMER RD,None,AUSTIN TER,None,None,None,3217,7992354,,3217,"{""type"": ""Point"", ""coordinates"": [-79.41084000186238, 43.67814999624442]}",-79.41084000186238,43.67814999624442
249,7325,WALMER RD,60m SOUTH OF,LOWTHER AVE,None,None,None,3218,30097262,,3218,"{""type"": ""Point"", ""coordinates"": [-79.4059599998632, 43.667949997022696]}",-79.4059599998632,43.667949997022696
250,7326,WAVERLEY RD,None,NORWAY AVE,None,None,None,3219,7667174,,3219,"{""type"": ""Point"", ""coordinates"": [-79.3026499951608, 43.67415000152348]}",-79.3026499951608,43.67415000152348
251,7327,WELLS ST,None,HOWLAND AVE,None,None,None,3220,2376915,,3220,"{""type"": ""Point"", ""coordinates"": [-79.41059000061757, 43.67067999924899]}",-79.41059000061757,43.67067999924899
252,7328,WINDERMERE AVE,None,ARDAGH ST,None,None,None,3221,1144988,,3221,"{""type"": ""Point"", ""coordinates"": [-79.48278000417132, 43.65662000008424]}",-79.48278000417132,43.65662000008424
253,7329,WINDERMERE AVE,None,DEFOREST RD,None,None,None,3222,1146090,,3222,"{""type"": ""Point"", ""coordinates"": [-79.4795400047184, 43.64789000281112]}",-79.4795400047184,43.64789000281112
254,7330,WINDERMERE AVE,55m SOUTH OF,MORNINGSIDE AVE,None,None,None,3223,1146600,,3223,"{""type"": ""Point"", ""coordinates"": [-79.47815999622743, 43.64441999918391]}",-79.47815999622743,43.64441999918391
255,7331,BALDWIN ST,None,BEVERLEY ST,None,None,None,3224,1144653,,3224,"{""type"": ""Point"", ""coordinates"": [-79.39465000199814, 43.655799995739805]}",-79.39465000199814,43.655799995739805
256,7333,MANITOBA DR,190m EAST OF,NOVA SCOTIA AVE,None,None,None,3225,30060515,,3225,"{""type"": ""Point"", ""coordinates"": [-79.41642999671663, 43.635940002020966]}",-79.41642999671663,43.635940002020966
257,7335,WINDERMERE AVE,60m SOUTH OF,ST OLAVES RD,None,None,ST OLAVES/BUDGELL TER,3226,7632649,,3226,"{""type"": ""Point"", ""coordinates"": [-79.47560000479267, 43.642269998715896]}",-79.47560000479267,43.642269998715896
258,7336,SPADINA AVE,55m SOUTH OF,WILLCOCKS ST,None,None,None,3227,8106356,,3227,"{""type"": ""Point"", ""coordinates"": [-79.40132000554968, 43.66079000356896]}",-79.40132000554968,43.66079000356896
259,7337,ALTON TOWERS CRCL,None,GOLDHAWK TRL,None,None,None,3228,103029,,3228,"{""type"": ""Point"", ""coordinates"": [-79.27811000071985, 43.82611000315618]}",-79.27811000071985,43.82611000315618
260,7338,ARROW RD,100m SOUTH OF,LIDO RD,None,None,None,3229,10538255,13451938.0,3229,"{""type"": ""Point"", ""coordinates"": [-79.53085100252461, 43.741813000387246]}",-79.53085100252461,43.741813000387246
261,7339,BAYVIEW AVE,200m NORTH OF,NESBITT DR,None,None,None,3230,30068859,,3230,"{""type"": ""Point"", ""coordinates"": [-79.36843000522768, 43.69531999998121]}",-79.36843000522768,43.69531999998121
262,7340,BERGAMOT AVE,250m NORTH OF,REXDALE BLVD,None,None,None,3231,30133580,,3231,"{""type"": ""Point"", ""coordinates"": [-79.55903999551361, 43.715579997406195]}",-79.55903999551361,43.715579997406195
263,7341,BLACK CREEK DR,280m NORTH OF,LAWRENCE AVE W,None,None,None,3232,446523,,3232,"{""type"": ""Point"", ""coordinates"": [-79.49661999784264, 43.70686999866461]}",-79.49661999784264,43.70686999866461
264,7342,BOROUGH DR,None,BOROUGH APPROACH E,None,None,None,3233,12697720,,3233,"{""type"": ""Point"", ""coordinates"": [-79.25642000113265, 43.77218000073501]}",-79.25642000113265,43.77218000073501
265,7346,DREWRY AVE,None,GRANTBROOK ST,None,None,None,3234,437698,,3234,"{""type"": ""Point"", ""coordinates"": [-79.43371999794785, 43.78351999866137]}",-79.43371999794785,43.78351999866137
266,7347,FINCH AVE W,140m NORTH OF,ALBION RD,None,None,None,3235,906946,,3235,"{""type"": ""Point"", ""coordinates"": [-79.58860000613338, 43.74242000271228]}",-79.58860000613338,43.74242000271228
267,7348,GALLOWAY RD,95m NORTH OF,LAWRENCE AVE E,None,None,None,3236,108571,,3236,"{""type"": ""Point"", ""coordinates"": [-79.19663999643912, 43.767010003317914]}",-79.19663999643912,43.767010003317914
268,7351,HIGHWAY 27 N,185m NORTH OF,ROYALCREST RD,None,None,NB CENTRE MEDIAN,3237,906720,,3237,"{""type"": ""Point"", ""coordinates"": [-79.6118600046783, 43.75192000310601]}",-79.6118600046783,43.75192000310601
269,7353,HIGHWAY 27 N,40m NORTH OF,BETHRIDGE RD,None,None,SB CENTRE MEDIAN,3238,908139,,3238,"{""type"": ""Point"", ""coordinates"": [-79.59148000400194, 43.70851000106714]}",-79.59148000400194,43.70851000106714
270,7354,MCLEVIN AVE,None,JOHN TABOR TRL,FAWCETT TRL,None,None,3239,104183,,3239,"{""type"": ""Point"", ""coordinates"": [-79.20650000353967, 43.808369995671434]}",-79.20650000353967,43.808369995671434
271,7356,HARVIE AVE,None,KITCHENER AVE,None,None,None,3240,8150,,3240,"{""type"": ""Point"", ""coordinates"": [-79.45513000102459, 43.68992000390612]}",-79.45513000102459,43.68992000390612
272,7358,MORTIMER AVE,None,BINSWOOD AVE,None,None,None,3241,1590,,3241,"{""type"": ""Point"", ""coordinates"": [-79.32245999905274, 43.691110003827845]}",-79.32245999905274,43.691110003827845
273,7360,PRINCE EDWARD DR S,None,SUNNYDALE DR,KINGSLEA GDNS,None,None,3242,911969,,3242,"{""type"": ""Point"", ""coordinates"": [-79.50214000431001, 43.64096000214685]}",-79.50214000431001,43.64096000214685
274,7361,STEELES AVE E,None,REESOR RD,None,None,EAST INTERSECTION,3243,14304277,,3243,"{""type"": ""Point"", ""coordinates"": [-79.19932300374029, 43.84850399863575]}",-79.19932300374029,43.84850399863575
275,7362,LAKE SHORE BLVD W,125m EAST OF,JAMESON AVE,None,None,WB LAKE SHORE BLVD,3244,1147433,,3244,"{""type"": ""Point"", ""coordinates"": [-79.43306000317193, 43.63317999881614]}",-79.43306000317193,43.63317999881614
276,7363,LAKE SHORE BLVD W,110m EAST OF,JAMESON AVE,None,None,EB LAKE SHORE BLVD,3245,12334613,,3245,"{""type"": ""Point"", ""coordinates"": [-79.43292999874585, 43.631899997082506]}",-79.43292999874585,43.631899997082506
277,7364,SPADINA AVE,60m NORTH OF,COLLEGE ST,None,None,None,3246,20006289,,3246,"{""type"": ""Point"", ""coordinates"": [-79.40018000342508, 43.65857000198618]}",-79.40018000342508,43.65857000198618
278,7371,BRIAR HILL AVE,120m WEST OF,LOCKSLEY AVE,None,None,None,3247,7318,,3247,"{""type"": ""Point"", ""coordinates"": [-79.4504600028548, 43.702900003530715]}",-79.4504600028548,43.702900003530715
279,7372,ST PHILLIPS RD,265m SOUTH OF,WESTON RD,None,None,None,3248,10179979,,3248,"{""type"": ""Point"", ""coordinates"": [-79.53154999696032, 43.7040100042713]}",-79.53154999696032,43.7040100042713
280,7373,LONBOROUGH AVE,None,RICHARDSON AVE,None,None,None,3249,7918,,3249,"{""type"": ""Point"", ""coordinates"": [-79.4725649991711, 43.69314300441227]}",-79.4725649991711,43.69314300441227
281,7375,BRIAR HILL AVE,105m EAST OF,DUFFERIN ST,None,None,None,3250,9655788,,3250,"{""type"": ""Point"", ""coordinates"": [-79.4508100042031, 43.70267000099904]}",-79.4508100042031,43.70267000099904
282,7377,BLACKTHORN AVE,None,CAMERON AVE,None,None,None,3251,8181,,3251,"{""type"": ""Point"", ""coordinates"": [-79.46526000507284, 43.690179996411935]}",-79.46526000507284,43.690179996411935
283,7378,CALEDONIA RD,65m SOUTH OF,SUMMIT AVE,None,None,None,3252,14072355,,3252,"{""type"": ""Point"", ""coordinates"": [-79.45933000134951, 43.68619999622766]}",-79.45933000134951,43.68619999622766
284,7379,CALEDONIA RD,20m NORTH OF,KEITH AVE,None,None,None,3253,30098253,,3253,"{""type"": ""Point"", ""coordinates"": [-79.46133000483212, 43.69089999945753]}",-79.46133000483212,43.69089999945753
285,7380,CALEDONIA RD,25m NORTH OF,SUMMIT AVE,None,None,None,3254,8435,,3254,"{""type"": ""Point"", ""coordinates"": [-79.4596699959977, 43.68701000000911]}",-79.4596699959977,43.68701000000911
286,7381,CAMERON AVE,None,LACEY AVE,None,None,None,3255,8140,,3255,"{""type"": ""Point"", ""coordinates"": [-79.46876000338725, 43.690300003690204]}",-79.46876000338725,43.690300003690204
287,7382,GREENBROOK DR,60m WEST OF,KEELE ST,None,None,None,3256,9066185,,3256,"{""type"": ""Point"", ""coordinates"": [-79.47622000474115, 43.6970899979923]}",-79.47622000474115,43.6970899979923
288,7383,GREENBROOK DR,105m NORTH OF,TRETHEWEY DR,None,None,None,3257,7911,,3257,"{""type"": ""Point"", ""coordinates"": [-79.4834200014714, 43.6943799996524]}",-79.4834200014714,43.6943799996524
289,7384,HUMEWOOD DR,None,HUMEWOOD GARDENS,None,None,None,3258,9278412,,3258,"{""type"": ""Point"", ""coordinates"": [-79.42691000303769, 43.68340000303619]}",-79.42691000303769,43.68340000303619
290,7385,HUMEWOOD DR,40m SOUTH OF,WELLWOOD AVE,None,None,None,3259,30094154,,3259,"{""type"": ""Point"", ""coordinates"": [-79.42684000135317, 43.684499999091784]}",-79.42684000135317,43.684499999091784
291,7386,KANE AVE,None,DONALD AVE,None,None,None,3260,8610,,3260,"{""type"": ""Point"", ""coordinates"": [-79.4681300001737, 43.68596999669629]}",-79.4681300001737,43.68596999669629
292,7387,ROCKCLIFFE BLVD,None,WOOLNER AVE,TERRY DR,None,None,3261,30007274,13463242.0,3261,"{""type"": ""Point"", ""coordinates"": [-79.4876269949337, 43.67276000071572]}",-79.4876269949337,43.67276000071572
293,7388,VAUGHAN RD,None,GLENHOLME AVE,None,None,None,3262,7867,,3262,"{""type"": ""Point"", ""coordinates"": [-79.44458000240333, 43.69397000034071]}",-79.44458000240333,43.69397000034071
294,7391,AVENUE RD,None,GLENCAIRN AVE,None,None,None,3263,30101650,,3263,"{""type"": ""Point"", ""coordinates"": [-79.41227000304487, 43.71602000305741]}",-79.41227000304487,43.71602000305741
295,7392,GRACEFIELD AVE,100m EAST OF,ARKWRIGHT ST,None,None,IN FRONT #215 GRACEFIELD AVE,3264,446252,,3264,"{""type"": ""Point"", ""coordinates"": [-79.49467000366766, 43.70908999766553]}",-79.49467000366766,43.70908999766553
296,7393,BLACK CREEK DR,300m SOUTH OF,LAWRENCE AVE W,None,None,None,3265,446523,,3265,"{""type"": ""Point"", ""coordinates"": [-79.4912000057396, 43.703120003778054]}",-79.4912000057396,43.703120003778054
297,7394,DUFFERIN ST,75m SOUTH OF,GIBSON ST,None,None,None,3266,20042488,,3266,"{""type"": ""Point"", ""coordinates"": [-79.44777999847163, 43.68971999707292]}",-79.44777999847163,43.68971999707292
298,7395,CASTLETON AVE,None,HENRIETTA ST,None,None,None,3267,9544561,,3267,"{""type"": ""Point"", ""coordinates"": [-79.48659600380388, 43.67017999586283]}",-79.48659600380388,43.67017999586283
299,7397,MORTIMER AVE,None,WOODYCREST AVE,None,None,None,3268,1844,,3268,"{""type"": ""Point"", ""coordinates"": [-79.34436999965807, 43.68662999692722]}",-79.34436999965807,43.68662999692722
300,7398,FINCH AVE W,260m WEST OF,KIPLING AVE,None,None,None,3269,906816,,3269,"{""type"": ""Point"", ""coordinates"": [-79.58544000497359, 43.74350999825972]}",-79.58544000497359,43.74350999825972
301,7399,WESTLAKE AVE,43m NORTH OF,HAMSTEAD AVE,None,None,IN TANDEM WITH PX7033,3270,8322271,,3270,"{""type"": ""Point"", ""coordinates"": [-79.30932000033395, 43.69692000159631]}",-79.30932000033395,43.69692000159631
302,7400,KING ST W,110m WEST OF,SUDBURY ST,None,None,IN TANDEM WITH PX7174,3271,14184241,,3271,"{""type"": ""Point"", ""coordinates"": [-79.41859000211088, 43.640729997710814]}",-79.41859000211088,43.640729997710814
303,7405,KING ST W,90m WEST OF,SUDBURY ST,None,None,None,3272,3120558,,3272,"{""type"": ""Point"", ""coordinates"": [-79.4184200061085, 43.640769995656385]}",-79.4184200061085,43.640769995656385
304,7406,GLEN WATFORD DR,None,RURAL AVE,PRIVATE ACCESS,None,None,3273,7009470,,3273,"{""type"": ""Point"", ""coordinates"": [-79.27636000128406, 43.787869999722275]}",-79.27636000128406,43.787869999722275
305,7407,CHARLES ST W,None,BALMUTO ST,None,None,None,3274,1142386,,3274,"{""type"": ""Point"", ""coordinates"": [-79.38760799931464, 43.668418004178726]}",-79.38760799931464,43.668418004178726
306,7408,LAKE SHORE BLVD W,None,BRITISH COLUMBIA RD,None,None,None,3275,1147551,,3275,"{""type"": ""Point"", ""coordinates"": [-79.4288300057935, 43.63127000417321]}",-79.4288300057935,43.63127000417321
307,7409,GRACEFIELD AVE,155m WEST OF,BLUEBELL GT,None,None,IN FRONT OF #194 GRACEFIELD AVE,3276,10035736,,3276,"{""type"": ""Point"", ""coordinates"": [-79.49344699949256, 43.709052002749274]}",-79.49344699949256,43.709052002749274
308,7410,HIGHWAY 27,270m NORTH OF,ROYALCREST RD,None,None,None,3277,20113061,,3277,"{""type"": ""Point"", ""coordinates"": [-79.61189000533429, 43.75194000141138]}",-79.61189000533429,43.75194000141138
309,7412,LAKE SHORE BLVD E,30m EAST OF,WINNERS CRCL,None,None,None,3278,30021323,,3278,"{""type"": ""Point"", ""coordinates"": [-79.30832000451515, 43.663699996824924]}",-79.30832000451515,43.663699996824924
310,7413,DELAWARE AVE,None,HEPBOURNE ST,None,None,None,3279,30078742,,3279,"{""type"": ""Point"", ""coordinates"": [-79.42720000498919, 43.659250003523994]}",-79.42720000498919,43.659250003523994
311,7414,BARTONVILLE AVE E,None,RAY AVE,None,None,None,3280,8190,,3280,"{""type"": ""Point"", ""coordinates"": [-79.49368599894284, 43.68981199718584]}",-79.49368599894284,43.68981199718584
312,7425,MILLWOOD RD,70m NORTH OF,REDWAY RD,None,None,CPR OVERPASS,3281,30120573,,3281,"{""type"": ""Point"", ""coordinates"": [-79.35906999885643, 43.702169999626484]}",-79.35906999885643,43.702169999626484
313,7426,WILSON HEIGHTS BLVD,73m NORTH OF,GOODWILL AVE,None,None,None,3282,9234274,,3282,"{""type"": ""Point"", ""coordinates"": [-79.44986800383046, 43.73677100419223]}",-79.44986800383046,43.73677100419223
314,7427,WILSON HEIGHTS BLVD,69m SOUTH OF,GOODWILL AVE,None,None,None,3283,7994200,,3283,"{""type"": ""Point"", ""coordinates"": [-79.44847800113445, 43.73608100026078]}",-79.44847800113445,43.73608100026078
315,7428,LUMSDEN AVE,None,OAK PARK AVE,None,None,None,3284,1258,13458996.0,3284,"{""type"": ""Point"", ""coordinates"": [-79.31037200302205, 43.69392399876709]}",-79.31037200302205,43.69392399876709
316,7532,YONGE ST,None,BIRCH AVE,None,None,None,3285,8681100,,3285,"{""type"": ""Point"", ""coordinates"": [-79.39136000466576, 43.68154999618223]}",-79.39136000466576,43.68154999618223
317,7549,LUMSDEN AVE,None,CEDARVALE AVE,None,None,None,3286,1345,13459151.0,3286,"{""type"": ""Point"", ""coordinates"": [-79.31400900589796, 43.6931720027344]}",-79.31400900589796,43.6931720027344
318,7551,BLUE JAYS WAY,None,NAVY WHARF CRT,None,None,None,3287,30064796,,3287,"{""type"": ""Point"", ""coordinates"": [-79.39191000614287, 43.64165000431552]}",-79.39191000614287,43.64165000431552
319,7552,MARTIN GROVE RD,40m SOUTH OF,SARALOU CRT,None,None,None,3288,910884,,3288,"{""type"": ""Point"", ""coordinates"": [-79.55290999940709, 43.6555900003976]}",-79.55290999940709,43.6555900003976
320,7553,MARTIN GROVE RD,None,DONALBERT RD,None,None,None,3289,911023,,3289,"{""type"": ""Point"", ""coordinates"": [-79.55129999621039, 43.65414999551817]}",-79.55129999621039,43.65414999551817
321,7557,FERRIS RD,None,DAWES RD,None,None,None,3290,565,,3290,"{""type"": ""Point"", ""coordinates"": [-79.29564599492866, 43.70633499627377]}",-79.29564599492866,43.70633499627377
322,7558,GLENCAIRN AVE,None,DALEMOUNT AVE,None,None,None,3291,2893687,13456419.0,3291,"{""type"": ""Point"", ""coordinates"": [-79.43272899495132, 43.71136600076416]}",-79.43272899495132,43.71136600076416
323,7560,BLANTYRE AVE,None,PARKLAND RD,None,None,BLANTYRE PUBLIC SCHOOL,3292,113172,13460539.0,3292,"{""type"": ""Point"", ""coordinates"": [-79.28300700586665, 43.68515000100124]}",-79.28300700586665,43.68515000100124
324,7563,BATHURST ST,45m SOUTH OF,BRIDGMAN AVE,None,None,CP RAIL UNDERPASS,3293,30068218,13462908.0,3293,"{""type"": ""Point"", ""coordinates"": [-79.414693005145, 43.673910002235814]}",-79.414693005145,43.673910002235814
325,7565,KENNETH AVE,None,PEMBERTON AVE,None,None,None,3294,437812,13445926.0,3294,"{""type"": ""Point"", ""coordinates"": [-79.41267400445079, 43.78133600242329]}",-79.41267400445079,43.78133600242329
326,7568,BEECROFT RD,80m SOUTH OF,CHURCHILL AVE,None,None,None,3295,30034695,,3295,"{""type"": ""Point"", ""coordinates"": [-79.41623000537788, 43.77267700015469]}",-79.41623000537788,43.77267700015469
327,7569,BEECROFT RD,150m SOUTH OF,CHURCHILL AVE,None,None,None,3296,30034695,,3296,"{""type"": ""Point"", ""coordinates"": [-79.41672100611021, 43.77219900090026]}",-79.41672100611021,43.77219900090026
328,7570,MOUNT PLEASANT RD,28m SOUTH OF,BLYTHWOOD RD,None,None,None,3297,1137998,,3297,"{""type"": ""Point"", ""coordinates"": [-79.39403900106768, 43.7175959966311]}",-79.39403900106768,43.7175959966311
329,7571,MOUNT PLEASANT RD,26m SOUTH OF,SHELDRAKE BLVD,None,None,None,3298,1138051,,3298,"{""type"": ""Point"", ""coordinates"": [-79.39293100255331, 43.71574100248387]}",-79.39293100255331,43.71574100248387
330,7572,MOUNT PLEASANT RD,None,RANLEIGH AVE,None,None,None,3299,1137744,13453753.0,3299,"{""type"": ""Point"", ""coordinates"": [-79.3976931525899, 43.72864016356379]}",-79.3976931525899,43.72864016356379
331,7575,BLOOR ST W,85m WEST OF,MILL RD,None,None,MARKLAND WOODS MALL,3300,30072720,,3300,"{""type"": ""Point"", ""coordinates"": [-79.5760440032339, 43.631665996591416]}",-79.5760440032339,43.631665996591416
332,7576,BLOOR ST W,150m EAST OF,FORESTVIEW RD,MAPLEDAWN RD,None,None,3301,912782,,3301,"{""type"": ""Point"", ""coordinates"": [-79.57167900034928, 43.63333799843907]}",-79.57167900034928,43.63333799843907
333,7578,FALLINGBROOK RD,None,FALLINGBROOK DR,None,None,COURCELETTE PUBLIC SCHOOL,3302,113244,13461588.0,3302,"{""type"": ""Point"", ""coordinates"": [-79.27803000321914, 43.67937499920229]}",-79.27803000321914,43.67937499920229
334,7579,GREENWOOD AVE,None,STRATHMORE BLVD,None,None,None,3303,14023229,13461205.0,3303,"{""type"": ""Point"", ""coordinates"": [-79.3327160031209, 43.68227599594775]}",-79.3327160031209,43.68227599594775
335,7580,AVENUE RD,30m NORTH OF,LYNWOOD AVE,None,None,None,3304,1139581,,3304,"{""type"": ""Point"", ""coordinates"": [-79.40127000127116, 43.68605600244296]}",-79.40127000127116,43.68605600244296
336,7581,AVENUE RD,30m SOUTH OF,BALMORAL AVE,None,None,None,3305,1139828,,3305,"{""type"": ""Point"", ""coordinates"": [-79.40035699822334, 43.683974000284834]}",-79.40035699822334,43.683974000284834
337,7582,DUPONT ST,70m EAST OF,CAMPBELL AVE,None,None,None,3306,8292854,,3306,"{""type"": ""Point"", ""coordinates"": [-79.44943899674863, 43.66610199658286]}",-79.44943899674863,43.66610199658286
338,7583,FINCH AVE E,25m WEST OF,GASPE RD,None,None,None,3307,437397,,3307,"{""type"": ""Point"", ""coordinates"": [-79.38953299609105, 43.78561400107839]}",-79.38953299609105,43.78561400107839
339,7584,LAKE SHORE BLVD E,80m SOUTH OF,WOODBINE AVE,None,None,None,3308,30043655,,3308,"{""type"": ""Point"", ""coordinates"": [-79.30522800221854, 43.66540800368417]}",-79.30522800221854,43.66540800368417
340,7585,ELM ST,None,MC CAUL ST,None,None,None,3309,14023083,14023084.0,3309,"{""type"": ""Point"", ""coordinates"": [-79.39202699501367, 43.65569399677893]}",-79.39202699501367,43.65569399677893
341,7587,DOVERCOURT RD,60m SOUTH OF,GEARY AVE,None,None,None,3310,1142280,,3310,"{""type"": ""Point"", ""coordinates"": [-79.43295300052422, 43.670144997932674]}",-79.43295300052422,43.670144997932674
342,7588,ROYAL YORK RD,80m SOUTH OF,JUDSON ST,None,None,None,3311,7847640,,3311,"{""type"": ""Point"", ""coordinates"": [-79.49806200383377, 43.615481004311356]}",-79.49806200383377,43.615481004311356
343,7589,ROYAL YORK RD,85m SOUTH OF,NEWCASTLE ST,None,None,None,3312,7973940,,3312,"{""type"": ""Point"", ""coordinates"": [-79.49859699807182, 43.61671499817798]}",-79.49859699807182,43.61671499817798
344,7591,DUPONT ST,None,BEDFORD RD,None,None,None,3313,14014562,13462444.0,3313,"{""type"": ""Point"", ""coordinates"": [-79.40054800271756, 43.67637299838184]}",-79.40054800271756,43.67637299838184
345,7592,MOUNT PLEASANT RD,180m SOUTH OF,ELM AVE,None,None,None,3314,30015320,,3314,"{""type"": ""Point"", ""coordinates"": [-79.3796599967832, 43.67280899757498]}",-79.3796599967832,43.67280899757498
346,7593,ST GEORGE ST,None,PRINCE ARTHUR AVE,None,None,None,3315,1142373,13463756.0,3315,"{""type"": ""Point"", ""coordinates"": [-79.40032003746268, 43.6687416019975]}",-79.40032003746268,43.6687416019975
347,7594,SPADINA RD,60m SOUTH OF,MACPHERSON AVE,None,None,None,3316,7986278,,3316,"{""type"": ""Point"", ""coordinates"": [-79.40729799907108, 43.67530800060976]}",-79.40729799907108,43.67530800060976
348,7595,ST GEORGE ST,None,SUSSEX AVE,None,None,None,3317,9941737,13464290.0,3317,"{""type"": ""Point"", ""coordinates"": [-79.39898299425984, 43.66543800077722]}",-79.39898299425984,43.66543800077722
349,7596,SHEPPARD AVE E,110m WEST OF,SEELEY DR,None,None,None,3318,30007062,,3318,"{""type"": ""Point"", ""coordinates"": [-79.49554012630371, 43.74283398028113]}",-79.49554012630371,43.74283398028113
350,7597,SHEPPARD AVE E,260m WEST OF,SEELEY DR,None,None,None,3319,442412,,3319,"{""type"": ""Point"", ""coordinates"": [-79.49736899986279, 43.742450000153234]}",-79.49736899986279,43.742450000153234
351,7598,NEILSON DR,25m SOUTH OF,JEFF DR,None,None,None,3320,30040102,,3320,"{""type"": ""Point"", ""coordinates"": [-79.56549779018641, 43.63034362294633]}",-79.56549779018641,43.63034362294633
352,7599,ROYAL YORK RD,15m NORTH OF,DRUMMOND ST,None,None,None,3321,7847513,,3321,"{""type"": ""Point"", ""coordinates"": [-79.49719699399063, 43.61325699696894]}",-79.49719699399063,43.61325699696894
353,7600,ANTIBES DR,290m EAST OF,CONEFLOWER CRES,None,None,None,3322,30118479,,3322,"{""type"": ""Point"", ""coordinates"": [-79.44628021927643, 43.78028550208487]}",-79.44628021927643,43.78028550208487
354,7601,ANTIBES DR,125m EAST OF,CONEFLOWER CRES,None,None,None,3323,30118475,,3323,"{""type"": ""Point"", ""coordinates"": [-79.44816351412527, 43.779752594181055]}",-79.44816351412527,43.779752594181055
355,7602,FINCH AVE W,130m EAST OF,WILMINGTON AVE,None,None,None,3324,438861,,3324,"{""type"": ""Point"", ""coordinates"": [-79.45921028675232, 43.770584218327194]}",-79.45921028675232,43.770584218327194
356,7603,FINCH AVE W,85m WEST OF,TORRESDALE AVE,GOLDFINCH CRT,None,None,3325,30092837,,3325,"{""type"": ""Point"", ""coordinates"": [-79.4519816365871, 43.77210068144918]}",-79.4519816365871,43.77210068144918
357,7604,KEELE ST,170m NORTH OF,BLOOR ST W,None,None,None,3326,14064403,,3326,"{""type"": ""Point"", ""coordinates"": [-79.46069248660217, 43.65625274771124]}",-79.46069248660217,43.65625274771124
358,7605,KEELE ST,245m NORTH OF,BLOOR ST W,None,None,None,3327,14064403,,3327,"{""type"": ""Point"", ""coordinates"": [-79.46093998575328, 43.65684149392862]}",-79.46093998575328,43.65684149392862
359,7606,MURRAY ROSS PKWY,75m EAST OF,EVELYN WIGGINS DR,COLUMBIA GT,None,None,3328,20149132,,3328,"{""type"": ""Point"", ""coordinates"": [-79.4935994086021, 43.766800410070026]}",-79.4935994086021,43.766800410070026
